fpr,tpr
0.0,0.0
0.07909604519774012,0.5503685503685504
1.0,1.0
