fpr,tpr
0.0,0.0
0.08731676226896112,0.5925925925925926
1.0,1.0
