fpr,tpr
0.0,0.0
0.07668133249528598,0.6044226044226044
1.0,1.0
